age,workclass,education,education-num,marital-status,occupation,relationship,race,sex,capital-gain,capital-loss,hours-per-week,native-country,Income
30,Private,Bachelors,13,Never-married,Prof-specialty,Not-in-family,White,Female,0,0,40,United-States,<=50K
48,Private,Masters,14,Married-civ-spouse,Exec-managerial,Husband,White,Male,0,0,50,United-States,>50K
55,Self-emp-inc,Prof-school,15,Married-civ-spouse,Prof-specialty,Husband,Asian-Pac-Islander,Male,20000,0,45,India,>50K
35,Private,Some-college,10,Divorced,Adm-clerical,Unmarried,Black,Female,0,0,35,United-States,<=50K
62,Local-gov,HS-grad,9,Widowed,Craft-repair,Not-in-family,White,Male,0,0,30,United-States,<=50K
52,Private,Masters,14,Married-civ-spouse,Prof-specialty,Husband,White,Male,0,0,50,United-States,>50K
31,Private,Some-college,10,Never-married,Adm-clerical,Not-in-family,Black,Female,0,0,35,United-States,<=50K
22,Private,HS-grad,9,Never-married,Handlers-cleaners,Own-child,Hispanic,Male,0,0,25,Mexico,<=50K
60,Self-emp-inc,Prof-school,15,Married-civ-spouse,Exec-managerial,Husband,Asian-Pac-Islander,Male,15000,0,60,India,>50K
42,State-gov,Assoc-voc,11,Divorced,Tech-support,Unmarried,White,Female,0,0,40,United-States,<=50K
29,Private,Some-college,10,Never-married,Adm-clerical,Not-in-family,White,Female,0,0,35,United-States,<=50K
55,Self-emp-inc,Masters,14,Married-civ-spouse,Exec-managerial,Husband,White,Male,50000,0,50,United-States,>50K
42,Private,Bachelors,13,Married-civ-spouse,Prof-specialty,Husband,Asian-Pac-Islander,Male,0,0,40,India,>50K
34,Local-gov,Assoc-voc,11,Divorced,Tech-support,Unmarried,Black,Female,0,0,38,United-States,<=50K
22,Private,HS-grad,9,Never-married,Other-service,Own-child,Hispanic,Male,0,0,25,Mexico,<=50K
22,Private,Some-college,10,Never-married,Other-service,Not-in-family,White,Male,0,0,25,United-States,<=50K
52,Private,Masters,14,Married-civ-spouse,Prof-specialty,Husband,White,Male,0,0,50,United-States,>50K
38,State-gov,Bachelors,13,Married-civ-spouse,Exec-managerial,Wife,White,Female,0,0,40,United-States,>50K
55,Self-emp-not-inc,HS-grad,9,Divorced,Craft-repair,Not-in-family,White,Male,0,0,45,United-States,<=50K
30,Private,Some-college,10,Never-married,Adm-clerical,Not-in-family,White,Female,0,0,35,United-States,<=50K
45,Private,Masters,14,Married-civ-spouse,Exec-managerial,Husband,White,Male,0,0,50,United-States,>50K
28,State-gov,Some-college,10,Never-married,Adm-clerical,Not-in-family,Black,Female,0,0,35,United-States,<=50K
52,Self-emp-inc,Bachelors,13,Married-civ-spouse,Prof-specialty,Wife,Asian-Pac-Islander,Female,5000,0,45,India,>50K
22,Private,HS-grad,9,Never-married,Other-service,Own-child,Hispanic,Male,0,0,20,Mexico,<=50K
68,Local-gov,Prof-school,15,Widowed,Exec-managerial,Not-in-family,White,Male,0,0,30,United-States,<=50K
45,Private,Bachelors,13,Married-civ-spouse,Prof-specialty,Husband,White,Male,0,0,45,United-States,>50K
28,Private,Some-college,10,Never-married,Craft-repair,Not-in-family,Hispanic,Male,0,0,40,Mexico,<=50K
60,State-gov,Doctorate,16,Widowed,Exec-managerial,Not-in-family,White,Female,5000,0,40,United-States,>50K
22,Private,HS-grad,9,Never-married,Other-service,Own-child,Black,Female,0,0,25,United-States,<=50K
55,Self-emp-inc,Masters,14,Married-civ-spouse,Exec-managerial,Husband,Asian-Pac-Islander,Male,20000,0,55,India,>50K
28,Private,HS-grad,9,Never-married,Other-service,Not-in-family,White,Female,0,0,32,United-States,<=50K
45,Private,Bachelors,13,Married-civ-spouse,Prof-specialty,Husband,White,Male,0,0,50,United-States,>50K
34,Private,Some-college,10,Divorced,Adm-clerical,Unmarried,Black,Female,0,0,40,United-States,<=50K
60,Self-emp-inc,Prof-school,15,Widowed,Exec-managerial,Not-in-family,White,Male,15000,0,45,United-States,>50K
19,Private,11th,7,Never-married,Handlers-cleaners,Own-child,Hispanic,Male,0,0,25,Mexico,<=50K
35,Private,Masters,14,Married-civ-spouse,Exec-managerial,Husband,White,Male,0,0,50,United-States,>50K
22,Private,Some-college,10,Never-married,Other-service,Not-in-family,Hispanic,Female,0,0,25,Mexico,<=50K
45,Self-emp-inc,Doctorate,16,Married-civ-spouse,Prof-specialty,Wife,Asian-Pac-Islander,Female,5000,0,45,India,>50K
55,State-gov,HS-grad,9,Divorced,Adm-clerical,Unmarried,Black,Male,0,0,40,United-States,<=50K
30,Private,Bachelors,13,Never-married,Sales,Not-in-family,White,Male,0,0,40,United-States,<=50K
28,Private,Bachelors,13,Never-married,Prof-specialty,Not-in-family,Asian-Pac-Islander,Male,0,0,40,India,<=50K
52,Self-emp-inc,Doctorate,16,Married-civ-spouse,Exec-managerial,Husband,White,Male,15000,0,55,United-States,>50K
19,Private,HS-grad,9,Never-married,Other-service,Own-child,Hispanic,Female,0,0,20,Mexico,<=50K
35,State-gov,Masters,14,Divorced,Tech-support,Unmarried,Black,Female,0,0,38,United-States,<=50K
61,Private,Some-college,10,Widowed,Sales,Not-in-family,White,Male,0,0,30,United-States,<=50K
30,Private,Bachelors,13,Never-married,Exec-managerial,Not-in-family,White,Male,0,0,45,United-States,>50K
45,State-gov,Masters,14,Married-civ-spouse,Prof-specialty,Husband,White,Male,0,0,50,United-States,>50K
55,Self-emp-inc,HS-grad,9,Divorced,Sales,Unmarried,Black,Female,0,0,40,United-States,<=50K
19,Private,11th,7,Never-married,Other-service,Own-child,Hispanic,Male,0,0,25,Mexico,<=50K
62,Local-gov,Some-college,10,Widowed,Adm-clerical,Not-in-family,White,Female,0,0,30,United-States,<=50K
28,Private,Some-college,10,Never-married,Adm-clerical,Not-in-family,White,Female,0,0,35,United-States,<=50K
32,Private,Bachelors,13,Married-civ-spouse,Prof-specialty,Husband,White,Male,0,0,45,United-States,>50K
50,Self-emp-inc,Masters,14,Married-civ-spouse,Exec-managerial,Wife,White,Female,5000,0,50,United-States,>50K
26,Private,HS-grad,9,Never-married,Other-service,Not-in-family,Black,Male,0,0,25,United-States,<=50K
40,Local-gov,Assoc-voc,11,Divorced,Tech-support,Unmarried,Hispanic,Female,0,0,40,United-States,<=50K
62,Self-emp-inc,Masters,14,Married-civ-spouse,Exec-managerial,Husband,White,Male,5000,0,50,United-States,>50K
35,Private,Bachelors,13,Never-married,Prof-specialty,Not-in-family,Asian-Pac-Islander,Female,0,0,40,India,>50K
19,Private,HS-grad,9,Never-married,Other-service,Own-child,Hispanic,Male,0,0,20,Mexico,<=50K
48,Local-gov,Assoc-voc,11,Divorced,Adm-clerical,Unmarried,Black,Female,0,0,35,United-States,<=50K
70,Private,11th,7,Widowed,Farming-fishing,Not-in-family,White,Male,0,0,15,United-States,<=50K
24,Private,Some-college,10,Never-married,Sales,Not-in-family,White,Male,0,0,30,United-States,<=50K
30,Private,Bachelors,13,Never-married,Prof-specialty,Not-in-family,Asian-Pac-Islander,Female,0,0,40,India,<=50K
45,Private,Masters,14,Married-civ-spouse,Exec-managerial,Husband,White,Male,5000,0,50,United-States,>50K
38,Local-gov,HS-grad,9,Divorced,Adm-clerical,Unmarried,Black,Female,0,0,35,United-States,<=50K
60,Self-emp-inc,Doctorate,16,Married-civ-spouse,Prof-specialty,Wife,White,Female,10000,0,45,United-States,>50K
35,Private,Bachelors,13,Married-civ-spouse,Prof-specialty,Husband,White,Male,0,0,45,United-States,>50K
28,Private,Some-college,10,Never-married,Adm-clerical,Not-in-family,Black,Female,0,0,38,United-States,<=50K
55,Self-emp-inc,Masters,14,Married-civ-spouse,Exec-managerial,Husband,White,Male,5000,0,50,United-States,>50K
19,Private,HS-grad,9,Never-married,Other-service,Own-child,Hispanic,Female,0,0,25,Mexico,<=50K
62,State-gov,Doctorate,16,Divorced,Prof-specialty,Not-in-family,Asian-Pac-Islander,Male,0,0,40,India,<=50K
28,Private,Bachelors,13,Never-married,Prof-specialty,Not-in-family,White,Male,0,0,40,United-States,>50K
45,Self-emp-inc,Masters,14,Married-civ-spouse,Exec-managerial,Husband,Asian-Pac-Islander,Male,5000,0,55,India,>50K
35,Private,HS-grad,9,Divorced,Adm-clerical,Unmarried,Black,Female,0,0,35,United-States,<=50K
60,State-gov,Doctorate,16,Widowed,Prof-specialty,Not-in-family,White,Female,0,0,40,United-States,>50K
22,Private,Some-college,10,Never-married,Other-service,Not-in-family,Hispanic,Male,0,0,25,Mexico,<=50K
29,Private,Bachelors,13,Never-married,Prof-specialty,Not-in-family,White,Female,0,0,40,United-States,<=50K
46,Private,Masters,14,Married-civ-spouse,Exec-managerial,Husband,White,Male,20000,0,50,United-States,>50K
33,Self-emp-inc,Prof-school,15,Married-civ-spouse,Exec-managerial,Wife,Asian-Pac-Islander,Female,5000,0,45,India,>50K
60,State-gov,HS-grad,9,Widowed,Adm-clerical,Not-in-family,Black,Female,0,0,35,United-States,<=50K
22,Private,Some-college,10,Never-married,Other-service,Not-in-family,Hispanic,Male,0,0,25,Mexico,<=50K
52,Private,Bachelors,13,Married-civ-spouse,Prof-specialty,Husband,White,Male,0,0,45,United-States,>50K
29,State-gov,Some-college,10,Never-married,Adm-clerical,Not-in-family,Black,Female,0,0,40,United-States,<=50K
62,Private,HS-grad,9,Divorced,Sales,Not-in-family,White,Male,0,0,35,United-States,<=50K
35,Private,Masters,14,Married-civ-spouse,Exec-managerial,Wife,Asian-Pac-Islander,Female,5000,0,50,India,>50K
19,Private,11th,7,Never-married,Other-service,Own-child,Hispanic,Male,0,0,25,Mexico,<=50K
27,Private,HS-grad,9,Never-married,Craft-repair,Not-in-family,White,Male,0,0,40,United-States,<=50K
35,Private,Bachelors,13,Married-civ-spouse,Exec-managerial,Husband,White,Male,0,0,50,United-States,>50K
22,Private,Some-college,10,Never-married,Other-service,Own-child,Hispanic,Female,0,0,25,Mexico,<=50K
55,Self-emp-inc,Masters,14,Married-civ-spouse,Prof-specialty,Wife,White,Female,5000,0,45,United-States,>50K
42,Local-gov,Assoc-voc,11,Divorced,Adm-clerical,Unmarried,Black,Female,0,0,35,United-States,<=50K
28,Private,Some-college,10,Never-married,Other-service,Not-in-family,White,Female,0,0,30,United-States,<=50K
52,Self-emp-inc,Bachelors,13,Married-civ-spouse,Exec-managerial,Husband,White,Male,10000,0,50,United-States,>50K
42,Private,HS-grad,9,Divorced,Craft-repair,Unmarried,Black,Male,0,0,40,United-States,<=50K
25,Private,Assoc-voc,11,Never-married,Tech-support,Not-in-family,Asian-Pac-Islander,Male,0,0,35,Philippines,<=50K
68,Local-gov,Masters,14,Widowed,Prof-specialty,Not-in-family,White,Female,0,0,25,United-States,<=50K
29,Private,Some-college,10,Never-married,Other-service,Not-in-family,White,Female,0,0,30,United-States,<=50K
52,Self-emp-inc,Bachelors,13,Married-civ-spouse,Exec-managerial,Husband,White,Male,5000,0,55,United-States,>50K
23,Private,HS-grad,9,Never-married,Handlers-cleaners,Own-child,Black,Male,0,0,40,United-States,<=50K
40,Local-gov,Assoc-voc,11,Divorced,Adm-clerical,Not-in-family,Hispanic,Female,0,0,35,Mexico,<=50K
35,Private,Masters,14,Never-married,Prof-specialty,Not-in-family,Asian-Pac-Islander,Female,0,0,40,Philippines,<=50K
28,Private,Some-college,10,Never-married,Adm-clerical,Not-in-family,White,Female,0,0,35,United-States,<=50K
52,Self-emp-inc,Masters,14,Married-civ-spouse,Exec-managerial,Husband,White,Male,5000,0,55,United-States,>50K
23,Private,HS-grad,9,Never-married,Other-service,Own-child,Hispanic,Male,0,0,25,Mexico,<=50K
60,Local-gov,Assoc-voc,11,Widowed,Protective-serv,Not-in-family,Black,Female,0,0,40,United-States,<=50K
38,Private,Bachelors,13,Married-civ-spouse,Prof-specialty,Wife,Asian-Pac-Islander,Female,0,0,45,Philippines,>50K
28,Private,Some-college,10,Never-married,Adm-clerical,Not-in-family,White,Female,0,0,35,United-States,<=50K
52,Private,Masters,14,Married-civ-spouse,Prof-specialty,Husband,White,Male,5000,0,45,United-States,>50K
22,Private,HS-grad,9,Never-married,Other-service,Not-in-family,Black,Female,0,0,25,United-States,<=50K
65,Self-emp-inc,Prof-school,15,Married-civ-spouse,Exec-managerial,Husband,White,Male,15000,0,50,United-States,>50K
40,Local-gov,Assoc-voc,11,Divorced,Tech-support,Not-in-family,Hispanic,Female,0,0,40,Mexico,<=50K
32,Private,Bachelors,13,Never-married,Prof-specialty,Not-in-family,White,Male,0,0,45,United-States,<=50K
52,Self-emp-inc,Doctorate,16,Married-civ-spouse,Exec-managerial,Husband,White,Male,15000,0,55,United-States,>50K
24,Private,HS-grad,9,Never-married,Other-service,Not-in-family,Hispanic,Female,0,0,30,Mexico,<=50K
58,State-gov,Masters,14,Divorced,Prof-specialty,Not-in-family,Black,Female,0,0,40,United-States,<=50K
40,Private,Some-college,10,Married-civ-spouse,Craft-repair,Husband,White,Male,0,0,42,United-States,<=50K
35,Private,Bachelors,13,Married-civ-spouse,Exec-managerial,Husband,White,Male,0,0,50,United-States,>50K
22,Private,Some-college,10,Never-married,Other-service,Not-in-family,Hispanic,Female,0,0,25,Mexico,<=50K
55,State-gov,Doctorate,16,Married-civ-spouse,Prof-specialty,Wife,Asian-Pac-Islander,Female,0,0,40,India,>50K
68,Private,HS-grad,9,Widowed,Craft-repair,Unmarried,Black,Male,0,0,20,United-States,<=50K
30,Self-emp-inc,Masters,14,Married-civ-spouse,Exec-managerial,Husband,White,Male,15000,0,60,United-States,>50K
35,Private,Bachelors,13,Married-civ-spouse,Exec-managerial,Husband,White,Male,0,0,50,United-States,>50K
22,Private,Some-college,10,Never-married,Other-service,Not-in-family,Hispanic,Female,0,0,25,Mexico,<=50K
60,Self-emp-inc,Masters,14,Married-civ-spouse,Prof-specialty,Wife,White,Female,15000,0,40,United-States,>50K
45,Local-gov,HS-grad,9,Divorced,Craft-repair,Unmarried,Black,Male,0,0,42,United-States,<=50K
30,Private,Assoc-voc,11,Never-married,Tech-support,Not-in-family,Asian-Pac-Islander,Male,0,0,38,Philippines,<=50K
42,Private,Masters,14,Married-civ-spouse,Exec-managerial,Husband,White,Male,0,0,50,United-States,>50K
31,Private,Some-college,10,Never-married,Craft-repair,Not-in-family,Black,Male,0,0,40,United-States,<=50K
52,Self-emp-inc,Bachelors,13,Married-civ-spouse,Prof-specialty,Husband,White,Male,5000,0,60,United-States,>50K
25,Private,HS-grad,9,Never-married,Other-service,Not-in-family,Hispanic,Female,0,0,30,Mexico,<=50K
68,Private,Doctorate,16,Widowed,Prof-specialty,Not-in-family,Asian-Pac-Islander,Female,0,0,40,Philippines,<=50K
28,Private,Some-college,10,Never-married,Adm-clerical,Not-in-family,White,Female,0,0,35,United-States,<=50K
45,State-gov,Doctorate,16,Married-civ-spouse,Prof-specialty,Husband,White,Male,0,0,42,United-States,>50K
22,Private,HS-grad,9,Never-married,Handlers-cleaners,Own-child,Black,Male,0,0,25,United-States,<=50K
55,Self-emp-inc,Prof-school,15,Married-civ-spouse,Exec-managerial,Wife,Asian-Pac-Islander,Female,20000,0,48,India,>50K
65,Local-gov,Masters,14,Widowed,Tech-support,Unmarried,White,Female,0,0,30,United-States,<=50K
32,Private,Masters,14,Never-married,Prof-specialty,Not-in-family,White,Female,0,0,40,United-States,<=50K
48,Self-emp-inc,Bachelors,13,Married-civ-spouse,Exec-managerial,Husband,White,Male,15000,0,55,United-States,>50K
22,Private,Some-college,10,Never-married,Other-service,Own-child,Hispanic,Female,0,0,25,Mexico,<=50K
60,State-gov,HS-grad,9,Widowed,Adm-clerical,Not-in-family,Black,Female,0,0,30,United-States,<=50K
45,Private,Doctorate,16,Married-civ-spouse,Prof-specialty,Husband,Asian-Pac-Islander,Male,0,0,45,India,>50K
38,Private,Bachelors,13,Married-civ-spouse,Prof-specialty,Husband,White,Male,0,0,45,United-States,>50K
55,State-gov,Doctorate,16,Married-civ-spouse,Exec-managerial,Husband,White,Male,5000,0,50,United-States,>50K
22,Private,Some-college,10,Never-married,Other-service,Not-in-family,Black,Female,0,0,25,United-States,<=50K
48,Self-emp-not-inc,HS-grad,9,Divorced,Craft-repair,Unmarried,White,Male,0,0,40,United-States,<=50K
35,Private,Masters,14,Never-married,Prof-specialty,Not-in-family,Asian-Pac-Islander,Female,0,0,40,India,>50K
25,Private,Some-college,10,Never-married,Adm-clerical,Not-in-family,White,Female,0,0,35,United-States,<=50K
45,Self-emp-inc,Bachelors,13,Married-civ-spouse,Exec-managerial,Husband,White,Male,5000,0,50,United-States,>50K
35,Private,HS-grad,9,Divorced,Sales,Not-in-family,Black,Female,0,0,40,United-States,<=50K
30,Private,Masters,14,Never-married,Prof-specialty,Not-in-family,Asian-Pac-Islander,Male,0,0,45,India,>50K
58,Local-gov,HS-grad,9,Widowed,Craft-repair,Not-in-family,White,Male,0,0,40,United-States,<=50K
28,Private,Some-college,10,Never-married,Adm-clerical,Not-in-family,White,Female,0,0,35,United-States,<=50K
45,State-gov,Masters,14,Married-civ-spouse,Prof-specialty,Husband,White,Male,0,0,40,United-States,>50K
52,Private,HS-grad,9,Divorced,Sales,Unmarried,Black,Female,0,0,30,United-States,<=50K
38,Private,Bachelors,13,Married-civ-spouse,Exec-managerial,Wife,Asian-Pac-Islander,Female,2000,0,45,Philippines,>50K
22,Private,12th,8,Never-married,Handlers-cleaners,Not-in-family,Hispanic,Male,0,0,20,Mexico,<=50K
25,Private,HS-grad,9,Never-married,Other-service,Own-child,White,Male,0,0,30,United-States,<=50K
35,Private,Some-college,10,Married-civ-spouse,Craft-repair,Husband,White,Male,0,0,40,United-States,<=50K
48,Local-gov,Bachelors,13,Married-civ-spouse,Prof-specialty,Husband,White,Male,0,0,50,United-States,>50K
60,Self-emp-inc,HS-grad,9,Widowed,Exec-managerial,Not-in-family,White,Female,5000,0,45,United-States,>50K
28,Private,Masters,14,Never-married,Prof-specialty,Not-in-family,Asian-Pac-Islander,Female,0,0,40,India,>50K
30,Private,Bachelors,13,Never-married,Prof-specialty,Not-in-family,White,Female,0,0,40,United-States,>50K
55,Self-emp-inc,Doctorate,16,Married-civ-spouse,Exec-managerial,Husband,White,Male,25000,0,50,United-States,>50K
22,Private,Some-college,10,Never-married,Other-service,Own-child,Black,Female,0,0,25,United-States,<=50K
48,State-gov,Masters,14,Divorced,Adm-clerical,Unmarried,Asian-Pac-Islander,Female,0,0,35,India,<=50K
60,Self-emp-not-inc,HS-grad,9,Widowed,Farming-fishing,Not-in-family,White,Male,0,0,20,United-States,<=50K
46,Self-emp-inc,Masters,14,Married-civ-spouse,Exec-managerial,Husband,White,Male,15000,0,50,United-States,>50K
29,Private,HS-grad,9,Never-married,Handlers-cleaners,Not-in-family,Black,Male,0,0,40,United-States,<=50K
52,Local-gov,Assoc-voc,11,Widowed,Adm-clerical,Unmarried,White,Female,0,0,35,United-States,<=50K
24,Private,Some-college,10,Never-married,Other-service,Own-child,Asian-Pac-Islander,Female,0,0,25,Philippines,<=50K
41,Private,Doctorate,16,Married-civ-spouse,Prof-specialty,Wife,White,Female,2000,0,45,India,>50K
35,Private,Some-college,10,Never-married,Adm-clerical,Not-in-family,White,Female,0,0,35,United-States,<=50K
48,Self-emp-inc,Bachelors,13,Married-civ-spouse,Exec-managerial,Husband,White,Male,15000,0,50,United-States,>50K
22,Private,HS-grad,9,Never-married,Other-service,Own-child,Hispanic,Male,0,0,25,Mexico,<=50K
62,State-gov,Doctorate,16,Widowed,Prof-specialty,Not-in-family,Asian-Pac-Islander,Female,0,0,35,India,<=50K
30,Private,Masters,14,Divorced,Tech-support,Unmarried,Black,Female,0,0,40,United-States,<=50K
36,Private,Bachelors,13,Never-married,Prof-specialty,Not-in-family,White,Male,0,0,45,United-States,>50K
28,Private,Some-college,10,Never-married,Other-service,Not-in-family,Hispanic,Female,0,0,30,Mexico,<=50K
52,Self-emp-inc,Masters,14,Married-civ-spouse,Exec-managerial,Husband,White,Male,5000,0,55,United-States,>50K
22,Private,HS-grad,9,Never-married,Handlers-cleaners,Own-child,Black,Male,0,0,25,United-States,<=50K
47,State-gov,Doctorate,16,Married-civ-spouse,Prof-specialty,Wife,Asian-Pac-Islander,Female,15000,0,40,Philippines,>50K
28,Private,Bachelors,13,Never-married,Prof-specialty,Not-in-family,White,Male,0,0,45,United-States,<=50K
45,Self-emp-inc,Doctorate,16,Married-civ-spouse,Exec-managerial,Husband,White,Male,15000,0,55,United-States,>50K
30,Private,Some-college,10,Divorced,Adm-clerical,Unmarried,Black,Female,0,0,35,United-States,<=50K
55,State-gov,Masters,14,Widowed,Tech-support,Not-in-family,Asian-Pac-Islander,Female,0,0,40,India,<=50K
21,Private,HS-grad,9,Never-married,Other-service,Own-child,Hispanic,Male,0,0,25,Mexico,<=50K
45,Private,Masters,14,Married-civ-spouse,Exec-managerial,Husband,White,Male,0,0,50,United-States,>50K
32,Private,Some-college,10,Never-married,Other-service,Not-in-family,Hispanic,Female,0,0,30,Mexico,<=50K
60,Self-emp-inc,Prof-school,15,Married-civ-spouse,Prof-specialty,Husband,White,Male,5000,0,45,United-States,>50K
22,Private,HS-grad,9,Never-married,Handlers-cleaners,Own-child,Black,Male,0,0,25,United-States,<=50K
48,State-gov,Assoc-voc,11,Divorced,Adm-clerical,Not-in-family,Asian-Pac-Islander,Female,0,0,38,Philippines,<=50K
45,Private,Masters,14,Married-civ-spouse,Prof-specialty,Husband,White,Male,0,0,45,United-States,>50K
28,Private,Some-college,10,Never-married,Adm-clerical,Not-in-family,Black,Female,0,0,35,United-States,<=50K
55,Self-emp-inc,Prof-school,15,Married-civ-spouse,Exec-managerial,Husband,White,Male,20000,0,55,United-States,>50K
39,Private,HS-grad,9,Divorced,Other-service,Unmarried,Hispanic,Female,0,0,30,Mexico,<=50K
62,Local-gov,Assoc-voc,11,Widowed,Protective-serv,Not-in-family,White,Male,0,0,40,United-States,<=50K
45,Private,Bachelors,13,Married-civ-spouse,Exec-managerial,Husband,White,Male,0,0,50,United-States,>50K
30,State-gov,Masters,14,Never-married,Prof-specialty,Not-in-family,Asian-Pac-Islander,Female,0,0,40,India,>50K
22,Private,HS-grad,9,Never-married,Other-service,Not-in-family,Hispanic,Male,0,0,25,Mexico,<=50K
60,Self-emp-inc,Prof-school,15,Married-civ-spouse,Exec-managerial,Husband,White,Male,5000,0,45,United-States,>50K
35,Local-gov,Some-college,10,Divorced,Adm-clerical,Unmarried,Black,Female,0,0,35,United-States,<=50K
